# Remote branch manifest — 2026-09-07, before the cleanup
#
# Every remote head and its tip SHA at the moment of deletion. Any branch
# below can be recreated exactly:
#     git push origin <sha>:refs/heads/<name>
#
# 561 heads. 553 deleted (542 whose PR was merged, 10 whose tip was already
# an ancestor of main, 1 superseded by #1435/#1436/#1437). 8 kept: main, the
# open PR night/raven-issue-draft, and 6 carrying unmerged work.
#
# sha<TAB>branch<TAB>disposition
0af24d6a0f6ebf49534f22350103b5c1f515c8e4	batch/2025-12-17	deleted
156056cf51654b8b5695f0422d92c38d3c18430b	batch/q1	deleted
58a8438d8aeb6c48e3e11d527ec3ab639ed2a34c	board/deployment-applicability-split	deleted
1f07a0d06bc6e9a62bb723a49c483c34cb7431d9	board/pool-50-strong-split	deleted
85749a280c00828ad755929a72d24c03f4640853	chore/785-close	deleted
0b5a0e57b0ce487eb44412d3c299b431d7a817d4	chore/785-dump	deleted
a749bc8e1f811cae50934b08114702bcef15d942	chore/docs-index	deleted
aff61e93ee175eaf2e48858555144069f2044ccc	chore/enrich-payment-anchors	kept
764dda7b9a70102d5aa9149692eb09745ea56346	chore/guard-markers	deleted
6aa5d2da35d8035df1594975c5e809516228d965	chore/improvements-refresh	deleted
af0275817d942a78ddf88a34378a3efb55197c11	chore/ledger-and-docs	deleted
ffdc781fc9e1a1d244103d18a74acb7ef3a5cc60	chore/marker-783	deleted
759a441bf399cf7215cd8ddcf2a1292c5513bc4e	chore/partner-logos-from-projects	kept
5508f01baceecd940263b93633799553e534dd34	chore/remove-dead-builtby-lane	deleted
1404b6a386f044afb286c086044c7dca3acf1513	chore/remove-fake-hunting	deleted
b36b42637d1fb0410009406bac5c6b8d3c19f94c	ci/crons-off-the-hour-basis-daily	deleted
feaddc51af824dbbe21a452e8a7f0614ce4e00a7	ci/scan-cron-off-the-hour	deleted
13d2d29c670dd39e67b4aa481b42a14aabeace51	curator/wallet-availability-20260813-2003	deleted
73825222695d82cef07afe3522e352e04877908e	curator/wallet-availability-20260813-2022	deleted
c2158c414052bea6600dd22ca8c9369aff8772ba	curator/wallet-availability-20260814-2216	deleted
6b1f08c7a32ce6262554668b7915dbce7cb81509	data-ops	deleted
13a316cda76776ca2178d1de612e0f1b72d768fa	data/add-usdm1	deleted
f3c56ea5fa28c9e5979f44d015a94e5a41901491	data/add-ylds	deleted
505943f87af7ed272def0475dc3c78df8cd41650	data/board-after-weak-basis	deleted
ecd009961537b4d8b09ed7ad88335244db4ccbb5	data/board-p4	deleted
fcb0737935cf7cd736567a9a104237a46327bca0	data/board-wide-sweep	deleted
5b37bca232854679cd384c7ded6af5e4752fa016	data/circle-logo-fallbacks	deleted
c398035ffc6d4d19ab6c18cf622296a50210d162	data/dead-domains-takeovers-verdicts	deleted
48906666f807b173a2b2135f6fdd3f7725ef6905	data/deep-verify-downgrades	deleted
5b53d2b416b89fdb5b0463e076940bf9b0949db4	data/deep-verify-live-stamps	deleted
7d4d08cd0368bb86a1916600a577a24676f881b8	data/external-findings-sls079	deleted
0961a4f175151415d0e2f8d96e0e32af86c6d14c	data/fxdao-inactive	deleted
f24535b651898ebd3daa1467227b8a6f3eb6b711	data/improvement-loop-2026-07-19	deleted
0944727aaa0f21628a037ca92547441502f459e1	data/improvement-loop-2026-07-23	kept
aaebf98200c963cbcefe44ac0fa2f8a968ac4b07	data/kale-onchain-seed	deleted
9f2d1e3708d8bee2bd6eec7a332506d5e784eec4	data/lane-census	deleted
4dc1e276443ec9a7b53b8c6504e9b57a3c7b1744	data/notes-final	deleted
e535700966e0fa8b25f2eb545ec9e58b4d2a2b17	data/ntokens-discontinued	deleted
a2b27481797f97e9d57863797cea7466001e333f	data/orbitcdp-owner-verdict	deleted
050a4325928a8e25410dcdbc53bb2ed43b20ea6c	data/owner-live-tellus-litemint	deleted
ee6e11b3f78bf8cb2ca345411a650ec865912c8e	data/p5-batch-2	deleted
a44490a40d3a28f6d048520617b1888b219272e1	data/p5-knowledge-notes	deleted
c4798f9bddb41f60bccb5c002d297231304fcf3a	data/packet1-approvals	deleted
af47a7985e18469b34dda67083ec07e63c8f92ea	data/packets-high-2026-09-05	deleted
a3a383fb548b5f7ba0d1325a3df93ec7dac88893	data/packets-low-live	deleted
cfb6f811f12fc32251f328ff411d943babb22d6a	data/packets-medium-development	deleted
53f145089d459034e13aec89d54d65a6209615e1	data/packets-medium-inactive	deleted
f31644c5457042dc2b2aba988d50ee73c5d6bc1e	data/packets-medium-live	deleted
6f6ee6b0aa9cf6f3a426d2fb23579e7c817fdc57	data/packets-next100-live	deleted
0098e31ad12326a487a383796f71bb60a6d47f2d	data/queue-artifact	deleted
148faee6f90cbb34353940649ded5f64da5a3f0d	data/raven-routing-refresh	deleted
a55b437b838ba5b9f32001a7e2f3b9cd77f3478b	data/scf-linkage-nine-legacy	deleted
cc5d0c673ea7a2428258d9a58ffe5c95874e43e0	data/scf-slug-overrides-seedreview	deleted
1baf6bf960e7e6d6aa200f5e6b71b19668f4ab63	data/skyhitz-owner-verdict	deleted
8492f72425f4b09de95a35f23adfbbead4dcaecd	data/soroban-sdk-advisory-notes	deleted
2c74850c8b8084d66ec727f467d4ff1f31849d3a	data/sourced-42-and-evidence-c	deleted
b451325a3ab240d44a413f47bbbd8c472b6c5098	data/type-the-untyped	deleted
92ba38b0a02651c370be2805c67f46e507b7945d	data/wave2-board	deleted
71325c5331976700aeac6fd52196e6f51d679a11	data/wave4-board	deleted
cc5ad93bbfcb8e270ce66aee279919155ef963aa	data/wave5-board	deleted
1f3c32b475897e44c8ece7cbead4f576a48e3dd3	data/wave5-notes	deleted
68f2d12332d3405bf3a35c8ddc5d2e718e058df7	data/wave8-notes	deleted
5bff92937124cd57c5500ca5fb1e67f596b0838d	data/wave9-ledger	deleted
ddda0ada0f5273092a9876f449586dbfe68dde55	data/wave9-notes-board	deleted
979dc6b35c8afde44b7fe4b91a6ddf4afdc2d62f	data/yield-cohort	deleted
b3c2c36bbf62c05e0986de643a66db7980979cb5	data/ylds-logo	deleted
c846dfeed2c2fa4f30255bf13f609ed2a7f13f9a	dev	deleted
d16f79b70cd9ef60ec9aed51ea4055e9684183f9	docs/architecture-plan	deleted
89f1f5e20f84cf238c13b6134abc1248f1ba3111	docs/ideas-ledger-batch2	deleted
12546b2fff01a8386adb598acdcae3e6281d22c6	docs/ideas-lessons-refresh	deleted
c7d60e4408deefc2af3728ba41fb5373abaff4a6	docs/lessons-2026-08-31-routing-day	deleted
86de45007e9b37ca775c4488d3cb0dac72c0141f	docs/quality-2026-09-06-repos	deleted
1c6bea11599c469f0474da0a09ab286cc3edf142	docs/quality-instrument-tier	deleted
fd2344c0dd0a11baaf919e1d3972e79549fc041c	docs/quality-p5	deleted
a57b83ff870488f282798b97af65c25d378942fb	docs/quality-progression-truth	deleted
4f1e777a593901f51c3adc4f98f16252a9b08d8c	docs/quality-repo-tail	deleted
33246be9cc38bd25d6fe2c7d5136a46da72ffa76	docs/quality-second-sweep	deleted
12f27358ba7da81e8828977d7d3d98a193019763	docs/quality-wide-sweep	deleted
bea38e857d26901cce33f29c553ccf22af998cf5	docs/scf-addendum-close	deleted
9584eee88cba36d27c25806a121f0110d2d70b3b	docs/skill-audits-refresh	deleted
c4b149eececdb165944392d17d5df8e1ed8968d3	dotcut-logos-height	kept
2ffc151037f20ab81a01de2f502cbe75d34fa084	eval/raven-routing-rerun	deleted
f5d7d692d877fcff8b2eb4c2b3fbb1d84d2599cf	feat/agent-loop-findings-wave	deleted
756473575bec572eb7ab4d3034184b0863ec7b74	feat/agent-payment-caps	deleted
60258d655532f7df5251c587ffa9f61557af864f	feat/asset-page-logo	deleted
5e03212262d2ec1eb8fb84ec31a5d464d1af57c4	feat/audit-drift-signal	deleted
2596de0b893f0cf4f742259378cb426f3e2bd862	feat/audit-findings-extraction	deleted
01c5a51c0c87f398e8903eda5a9ebd090c98ffce	feat/audit-rollup-on-rows	deleted
083e868ac4aa5c9e502fbc1c92bd26355bedb96b	feat/audits-registry	deleted
389d5eb965890247df917a948d21a6cb3a9862d7	feat/awards-ballot-polish	deleted
3057c9199284d318f603cf3f977747260e9fac3b	feat/awards-redesign-v2	deleted
8ab9e64f488d6d6101ceb765a16c20baab56f3a9	feat/awesome-stellar-ai-seeds	deleted
8a3701aac19e7a0aeed49bf2f5d4fb3183c75ce1	feat/basis-lane-nocheck-table	deleted
035f0fb693b091545773a2427c8dd3e09507e1d4	feat/basis-product-probe	deleted
7689901eea095d9979ff612a64be8b8f958a6e20	feat/basis-relink-redirect-targets	deleted
7d6cd048bab13f3fb8fdf74cc0091d45bee5a4ce	feat/basis-repo-activity	deleted
b840b8ebe877ef627e3c1a2453a0f4920e9324ec	feat/canary-product-model	deleted
600d6cb8041977e38e449afe3584d3a85eae340d	feat/cap-join	deleted
7e31a494513d8970522463fcc49bb8705b1b3155	feat/cap-registry	deleted
19eb0cd6c7a0766cd2483a2b35a4f77038995710	feat/capability-filter	deleted
3c3322e48bfe209524b53bbc24df7dcf27c7a292	feat/capability-mismatch-sweep	deleted
522cee615e440dd06925eab995812ff6e1788b1f	feat/changes-delta-feed	deleted
139d390084794005260339f50ee635c8b9f849e8	feat/closure-metric	deleted
15988d8665f9cf03f4da430556b5e1f6737d921a	feat/closure-metric-2	deleted
f5136daf7151d8caa1a4eeee7f816e461cf3b9b6	feat/code-in-use	deleted
e1bf8202073b6a670d8e245bb75b09d38deb4c7c	feat/code-truth-slice3	deleted
e9a07310a88510c4f92c05b408fdcf709b73b414	feat/codedepth-converge	deleted
af7cd24000c3508f8b7249f57e36df2874e97bb5	feat/completeness-detector	deleted
d556fb7785a7ec219d4c777eefd294040c169b5d	feat/contract-interface	deleted
734bc60cc6f6d27a49be5f65f8c23de5108575ee	feat/contracts-onchain-attributed	deleted
194a093969a33c6c6f12b31c2e404eb3236e455e	feat/contracts-registry	deleted
fe068d330cdc1bdbc9b626bee52bfdad355cbff9	feat/curator-wallet-availability	deleted
4bbf515a309c2eebd9b13fb522e0b8f2019c3c47	feat/dashboard-charts	deleted
14e48547e6ac129543d6aa936986849f339d08bd	feat/deep-knowledge-and-amm-domains	deleted
ab1821475e4a6c0392600ef94be93f8aeb192a44	feat/defi-section	deleted
620e8db0a6ad74cc5a856cb5bbc258ddb36eca54	feat/dependency-graph	deleted
d5ca28270e7ebf2e03b571bd561c94a1100d8eef	feat/depends-on-filter	deleted
e638750d58020aaf72f0d36f7e0a03e95146e572	feat/deployment-queue	deleted
cf37a7bde14a8f94ecf924faa1cf66c0cc1811fb	feat/deployment-tests	deleted
592ef38461a652d5178800fbedcc46e0a789b0b7	feat/dorahacks-v1-hub-api	deleted
3d10d5f5f326f9b105fea6d11d31408b2f2decc1	feat/ec-unpark	deleted
d02784a78351d43862b1f4223cca066d109dae40	feat/engine-d-partners-leg	deleted
b4c71424ad74bba71b95cfe6d94a653694645b4f	feat/engine-signal-wiring	deleted
9b4f8070f2bc1d3888c166674084287e01b55c8e	feat/evm-porter-vocabulary	deleted
0aa7f0afbd5d3aec9e8c1158eabeb56fbce0232e	feat/explain-knowledge-notes-and-trigger-routing	deleted
abb00e85209c88b7dcfd7b322243388f177c2f1f	feat/external-apis	deleted
4c91ff6dc778ccc737029c6ac43e00c0eb24f97a	feat/feedback-quality-loop	deleted
1c5d00cbab5b20fe9a8db817baa5886f77805ec5	feat/field-population-guard	deleted
d5cd2ac6a4b496337746b620e5c7c997f3914e91	feat/fields-param	deleted
c5dd3c0b3acd4424bff31212e083db5b8e415450	feat/followups-curation	deleted
6fe79b38271794fa9e70c1b2619978c6ce767b37	feat/gap-lanes-2	deleted
cbc720594cab8b179868576dce3a91fa6561cdc1	feat/gap-matrix-pass	deleted
f5d2f61855534eea303e3cbb1ee12f6f894da87e	feat/gap-worker	deleted
123a11eca59c8ac7a20cc321fd47c284e6a44a62	feat/i3-awards-v2	deleted
cae41a0546c883c27ed78798d266a837c0ff388e	feat/iface-coverage	deleted
9f17ab72b19f44d7d08a2168ecec2b64cd50d566	feat/index-colibri	deleted
02e390cb575fec3a4500792335a56142ec268a40	feat/knowledge-notes-signals	deleted
2b06c0c0f7d356da3071201067888afc7b1901c1	feat/knowledge-notes-visibility	deleted
34797759c3f7f5318ddd4b2b3b75e7520b666ada	feat/lane-scoreboard	deleted
44085dc8b024e3b39cff9ccbfa51b2303c912edd	feat/lang-depth	deleted
00b26dac4c73bcc73f3e95947dba844058622107	feat/language-frontier-caps	deleted
1710c45477928cbd55d95cf2950e57b85e178c71	feat/leaderboard-commit-volume	deleted
709e35347ce527f1fbe1d8011d3ff820efae1d3f	feat/leaderboard-repo-universe	deleted
92f56e2ec6cd6df13d62e708fdde795d1a655d24	feat/leaderboard-stellar-evidenced	deleted
9198b39e4ec278d25cfc391ea554274274a6d4e2	feat/ledger-curated-findings	kept
c5f10739231f1c10b3090b5dbcf600de7af94331	feat/library-calendar	deleted
46df3b44e2e343fcbf994217288eb1e7b755b14c	feat/link-health-ledger	deleted
36bf71519b61f4729b0ff4abf2c453a731ea4ca1	feat/lookalike-detector	deleted
4841a6f23170f21a0fa4f3d81c952fcf2af7f969	feat/mcp-catchup	deleted
0443759282015cac336bd1143e29506fce8c1621	feat/mechanical-guards	deleted
ba46b64ac69bd81219048e3857a068fcbface639	feat/normalize-meta-counts	deleted
401445968be2d6f5a0aa20575027d4ffc2eb36e7	feat/note-freshness	deleted
b72d5d8eaf7173632ee734175c7ae35d842d7709	feat/notes-pool-triage-verdicts	deleted
66a7be1365c9ba4fd4c00d13eeb01dca73df1558	feat/onchain-metrics	deleted
73be23ff4d05f80eb75951c2799de1d6e5543ac3	feat/onchain-registry-join	deleted
ad380f8e9ac8acb640e711ec1fcf0522c67aa04a	feat/onchain-seed-expansion	deleted
0028ff9d332890326df6419f17c1f7450552f7de	feat/onchain-v2-deltas	deleted
2ead26411f020b8425ac46a49032a9c0f6f88978	feat/p4-basis-onchain	deleted
aee3fd1b6d25341499c24b194d767eb6b53c6282	feat/p5-knowledge-batch3	deleted
a0833bd1adbec87c27f3528c79265a5dbfdbc212	feat/p5-knowledge-batch5	deleted
b519e344bfbc2eb1cb6ee0819213bd97f0cdf2f7	feat/p5-knowledge-batch6	deleted
213703722a4753c57cad632ea98608291bb5c928	feat/p5-knowledge-batch7-pool	deleted
6c39b7a30246ed9f5d73e5281954b301613843f2	feat/p5-knowledge-batch9	deleted
3235b75567df705c53d892f54bee28b2152a562b	feat/payments-count	deleted
95713721d9b798078b250bd5ac1e5a552007cdb5	feat/phoenix-amm-dialect	deleted
e0ccb8ae79e3d6f3fa2b6ef4872f4982821a066c	feat/protocol-integrations	deleted
4c23c4c6875d6ef4b2f15e305a920cf707c566a4	feat/public-goods-award-truth	deleted
759ecc0ff63156b8c62d482f7b9b11620260de40	feat/q1-remaining-issues	deleted
09ad4feba3a94b7cf5e711cede091858516c0ea5	feat/quality-artifact-notes-pool-missing	deleted
68619b4b1f2960df69baefa0528a77716af5a789	feat/quality-p4-p5	deleted
63efe2d2e48be6305177a7b283c7fba07f9f71e5	feat/quality-verification-packets	deleted
f5a24843e8b946d080c865d0918544734e483235	feat/raven-discovery-vocab	deleted
7d8d46a2f8c37768206bae1573c1d58fcf45d227	feat/reconciliation-note	deleted
7e66061c4eea98d6050f3a095140b94978453419	feat/relation-class-fixes	deleted
d4636dd8b9e14ae729c352efe7f908f29d39412e	feat/repo-activity-intel	deleted
ec05325f86963cd95a6a3853fbc34ede8a171676	feat/repo-activity-signals	deleted
3be1b4cf9f1100af9f094ec130f2813616210bd7	feat/repo-docs-ingest	deleted
5f2c933c6f6330f5819becf5b17b2edae58c1277	feat/repo-kind-label	deleted
555910d195012ca6ede244ed12629cdb90917ad8	feat/repo-knowledge-notes	deleted
2604560662522027adaecae3b566684a258ae6b4	feat/repo-supersession	deleted
194cfbe7795f52f8ac1e97bd59eb9c1719ece9dc	feat/repograde-velocity-blend	deleted
d99231bff49712ad6e41834c26f3daa7a1908525	feat/rescan-policy	deleted
c99454d13c963540333cce3959f959a774a95ce9	feat/research-grants-page	deleted
55f7aa1bf5d4cfd298be34d4bd17a38638313365	feat/rfps-q3-2026	deleted
054dfde19f1b0986ddaaeca0e0280e5f87eae7c4	feat/rwa-controls	deleted
540e1ceb3f00f7b0a33aa80f2d6bc1905c358a3e	feat/rwa-refresh-lane	deleted
52f2339fa50609c49f4e6786dc3c1bf5c9cce181	feat/rwa-registry	deleted
321406d45f63ed127b39e99e8184999a7bc760ff	feat/sankey	deleted
0eb6b8b24bf52f5dfdb2711cd9b7661d5ecfe5f2	feat/sankey-interactive	deleted
599ab9b8f9e31e4df356b5bbfeda42f89298456a	feat/scan-coverage-and-caps	deleted
4efa4a8523ef40d756e5f2710b18c130e80b4e91	feat/scan-cron-2h	deleted
afc921c008a99fcc2e02baa3d96be87785750857	feat/scan-enrich-chain	deleted
745339bf91c487318932797ebde2b5236408d72b	feat/scan-only-flag	deleted
b07435a2879a927d42cae0e8c8348a4563dbdb35	feat/scan-skip-triaged-v2	deleted
e51fc5d0657c99c210d2db77313a4f9700977c95	feat/scf-page-counter-reconcile	deleted
c195f14f9bc983a20b9995ed45235ff28274febe	feat/scf-pitch-composite	deleted
b2e75a269e09033533e8afccf534c3b15ad760e3	feat/scf-round-awards	deleted
fcf123f498f498c974c1338e5d3d842122c8b076	feat/scorecard-full	deleted
b2aac0cc7d0f2c144e1bf26fd0accc87130f13ba	feat/scout-mcp-audits	deleted
d68dafc8807be0bd3b52d9fe32d9a39ad8393a67	feat/scout-stats-derived	deleted
818d5da8006022693c1ba9ba6b5f960a02496222	feat/sd005-agentic-landscape	deleted
f7ff7a6be7bcdee357daee5dfae3db8790339ec5	feat/sdf-people-index	deleted
68b363d2eaa43704f2bfb0c835bdcaf6a37124ab	feat/search-vocabulary-guard	deleted
20db9c1657c7a2d9e2ef76c245e6c7d3cddef4aa	feat/searchresearch-protocol-history-routing	deleted
aa251dcf0dcb80d37e89a3925a7dd8b92d65d609	feat/section-charts	deleted
8ca856e54f07ad3fcaf3651a94ac9e67b008011e	feat/seed-stellar-indexer	deleted
e05d907adc5f8a2e31b07469485a71ab23dfa5d0	feat/sls-064-audit-relations	deleted
b5ecf3beeb2e970f051acea654e7708d8a7ce928	feat/sls-079-deployment	deleted
8703612e64820e2885bea1a09a503884bf9d4086	feat/sls-raven-round	deleted
c00fff51c76fae4e3052c763775ff5bc71f46557	feat/spec-meta-doc-sweep	deleted
6a4afb388be5a7c3c14f03b0f7b69c5abc68ebc1	feat/stablecoin-charts-coverage	deleted
013c1e009fc2baffb9606e44190efe1593f226e3	feat/stablecoin-flags-uah-usdm1	deleted
a7ff1597a7f5f51a49e80dfeb0fe41cff367c7e4	feat/stablecoin-transfer-volume	deleted
e8ff7e9fbb46881a7a7b10a268d9b9e69c0e7d19	feat/stablecoins-coverage-sweep-2	deleted
6e45fcacbdce3e5973a95cb66a1436fec5bb409b	feat/stablecoins-dotcut-header	deleted
96951e65802c5c3eae6dd92f621b4171aa7d53c9	feat/stablecoins-dotcut-legibility	deleted
993c6fdb33b4b124a7f418fcfde49e6251d3246f	feat/stablecoins-page-fixes	deleted
ee4c67641b58eb101e02288dd7690e96ccbf5c7e	feat/status-recency-detector	deleted
84253fb6c9afb73d2595a86903b9978ba7a99703	feat/stellarsight-row	deleted
6fd31fe40b46c675eb7ee2381191645f713b1630	feat/sum-invariants	deleted
205d019c9d51419e138d32ca00ae6b52b55ba3c6	feat/sum-invariants-analyze	deleted
5cd642e49d30ece82ce3385f25c1595dd37225eb	feat/summit-sp-winners	deleted
a476f7fd24c26a464f734dcf4b1c5aed1ab1ca35	feat/supersession-freshness	deleted
1483031e89c7217d8df98baddd832dde18b54c05	feat/sushi-venue	deleted
f20939f88502d3a0a8200d1ad06e00682c4aa1bc	feat/toml-issuer-join	deleted
6658f57de681538a2296687e86119b379ed25630	feat/total-mcap-panel	deleted
63d1345b5f5bb20560adc5102b1d2316146b0dae	feat/trends-composed	deleted
02181737b42a30672b662f2b237956278c3b45df	feat/triage-backfill	deleted
c8ae9a21c9d4336ff5a44b1bf321b2f6626b15d1	feat/triage-nightly	deleted
9b30fcb14a405d4af8f8499ef1dd7c49f13328e3	feat/triage-tags	deleted
c35cfb6807ef65a5ec33da845fa191d483af2359	feat/trust-report-composite	deleted
8fad2fd11f984a67996ca1a3469162184cbd1e16	feat/usage-aware-ranking	deleted
624ea7d4c3ac6f287b6bcd5640937da4d50b1073	feat/usdt0	deleted
7cb0b06180af669317efbdaee70f03a6ad070ebf	feat/usdt0-launch	deleted
4b2d766d7b18630b352a10ef70d50ccf1d0a0ec3	feat/usdt0-spotlight	deleted
fe4a175adb301347020fee3aec0246678cb2f229	feat/vet-idea-composite	deleted
3570498a7fd939b8bc54ce5210056bc3946dc2d4	feat/violet-accent	deleted
803f562f678e8d1338df516ebb837b58b13553d5	feat/wallet-infra-identity-and-sushi	deleted
9b253729a6128126530df75eb76092b7eb2f185b	feat/yield-type	deleted
fab84386c375de3ae5cf2a26def3a04a5d159f1d	feature/stellarlight-improvements	deleted
8abe2afcc4a574c3bdc5b8a1fdf2ae1afde1fcaa	fix/777-778-regressions	deleted
d3cbc8511addd460cf8361219fb0c7bbccb368a4	fix/783-repo-identity	deleted
81162a049f504161b476be69aefd6151e7cc755a	fix/785-diagnosis	deleted
3eda854bf290f874e8a415c26512273a794ae572	fix/785-final-paths	deleted
73a411b2179f891dcf9093a1f26254c0a1fe4741	fix/785-legacy-cap	deleted
8b54fe12af89f50497054b9c04bdb489d31ff894	fix/785-shadow-dupes	deleted
462c193c235a1b66141a46b1a4bd80edfa2793a3	fix/785-torow	deleted
29506a0cdcb6704602888edb7ddfa565e820026a	fix/anchor-platform-note-churn	deleted
67b593cffe4e5c818f1d66522fe0743b589baf3e	fix/attr-probe-discriminator	deleted
0fcac6628bbc0cebd8c2bceda184b89e465cf023	fix/audit-findings-undercount	deleted
8d319b0dc210c4c4ed3d03778ebe10f0ae5e211e	fix/audit-firm-intent-route	deleted
cf4628723f49546c2f63cd37e73fa0ff605aac3d	fix/audit-hardening	deleted
7ca7ee9ce3f1d6ccac94392d3c69a49c5eb75017	fix/audit-title-overlong	deleted
4640bdf6dd714ca50cd0e6d59b61e2e46d3af33e	fix/audit2-hardening	deleted
a394a0e05ce0523bebfa9ce4d5d918483a62ba2d	fix/awards-pilot-feedback	deleted
81b8755c75a60be4c38323fd468c251e0f31616b	fix/backfill-retry	deleted
04d903a0338005bdda3535b4316b3e5b7caaf600	fix/basis-citation	deleted
4aa1366801c687d74a851e2416ec0bd68a172f16	fix/basis-refresh	deleted
3974ee96a3a9a6daa35a2c9bb764db27c6a0d7a5	fix/battery-coverage-outage	deleted
77aa653bc16a5b742c505b027f1cd88feb8b3780	fix/bravepay-phishing	deleted
45cb54ad083605caa2e80a07825ede10c92a37c7	fix/bridge-corridors-population	deleted
5d181572f2e2cd3506bd4a205aae599b961cc5bb	fix/builders-activity-order	deleted
955ed51212f3d49f722e6a24c0315c6b66b64b6b	fix/builders-empty-names-where-to-look	deleted
8f7631a29b7fbd3c57e764f4026c4920cf71e073	fix/camelcase-identity	deleted
aae747d5b865eb5e4506569087bdaee80d3c25ed	fix/camelcase-name-recall	deleted
7d99957e36d0e798682bc87d841d8355b1b787db	fix/canary-h1-entities	deleted
b50d931b7643467c8d24694b5d943b0e1c0da3cc	fix/cap-projection	deleted
a7230df0598ee048286aba9e070eb8942f10a3f8	fix/chart-tooltip-tokens	deleted
7d5bfad832d8c4dc7bca482116fd85d1ce04f42f	fix/check-links-daily-public-repo	deleted
6820e3519b4d756edaa184a0cf1e0d5688998b9e	fix/class20-sweep	deleted
1ab4fe3b50bb0fc8a9dce856e29e67169a6e74e6	fix/code-truth-serve-paths	deleted
ed13ca8fa9489f2d7b3a75d4c10f7a7df2aa99df	fix/codedomains-iface-parse	deleted
588ac5d781dfbca47e43eef9a08face8858533c5	fix/cold-audit-batch	deleted
ceae3881aaae029081cddfc00cd60182867cb95c	fix/composed-layout	deleted
75c29ad88571b967b2af2b508242509d0e54d940	fix/composed-polish	deleted
62cea7e65c94dfd0d9fdf798d851fad93bd9e2cf	fix/contract-join-denominator	deleted
ecb6934d9f8b3130a2b66dca2b400e327ac1638b	fix/contract-ownership-attribution	deleted
e5e267d02449700379d8fc9d3927decc5b2ff487	fix/contracts-post-export	deleted
7242373051edea291cbcd8732b0f55e9d1ecea6d	fix/corpus-readback	deleted
3cf5bada4fdb3897f116f472ca9181b3bdc61d23	fix/corpus-refresh-verifies-itself	deleted
b3d7039f1fceaad880d9d36699654c2723221945	fix/corpus-titles	deleted
06201914f5747ef349a8a88f819a6c1d6b7f8bfa	fix/coverage-gap-is-not-a-retrieval-fire	deleted
05e4f98f72433516810a1db7fee0b936e2941ca0	fix/curate-note-follows-verdict	deleted
189ab21defabeca2c4fbeb867f876a1a917342a6	fix/curate-order	deleted
2ec3c36ac98415367aa72b24f7a8e0ce463d85b9	fix/curate-timeout-and-repo-links	deleted
59a95720f6caab442f196dacae541417718d833e	fix/curated-basis-precedence	deleted
def11f028c0bc7c5e8190a3a37d7dafb54d6b624	fix/curated-field-ownership	deleted
5271b4adaea0d5804dae29051519563921b8b101	fix/curator-types-field	deleted
554bc6315616a0865dccc64de4e9f678d654f1b9	fix/dash-test-clustering	deleted
e75a0c9aa9de6d0a61b26be5f403a7f259b2447a	fix/deepwiki-answer-dating	deleted
df37be59d9ccd84a9bccf2a208f7d7344ed1b451	fix/defi-venue-marks	deleted
364c8aae1539c187beca3086f3949be2821ee013	fix/deployment-from-registry	deleted
b81ccf7bc4afbde38e590b9330341c21c74e9981	fix/deps-haystack	deleted
7568e5eaef2a491850c846d694512f96007803ee	fix/domains-are-identity	deleted
87516f4c40c8f32991ef98af97b4e519b452bb5d	fix/dorahacks-submission-truncation	deleted
d3368f060e10479ab16975f2a9d29b40e5ba77dc	fix/dotcut-background-and-stellar	deleted
d929db2373faf013a97c2290af8cefe1c57bb972	fix/dotcut-background-tab	deleted
c8a64c86f979b6fb72294c71b74e332ecbd8c1f6	fix/dotcut-cell-size	deleted
1111058d07cb18aac4f2a9ba3603c82cef8df9a2	fix/dotcut-glyph-polarity	deleted
c573592b8338e141f0b2cebabb7d03659c19a0c1	fix/dotcut-mark-quality	deleted
768d29807d5de1f60df8b235e7fd177d20aef4fa	fix/dotcut-mobile-two-tiles	deleted
7b6d9588d237ac1c43301df7da846437a41416f4	fix/dotcut-patterns-only	deleted
0cc5086808e60d76f075db667ff258fecff2a192	fix/dotcut-tile-fill	deleted
1fde575bd04f3c284d000a7c0fb550879aaf3ebc	fix/dotcut-tiled-marks	deleted
f5cfce633ea304fd6220a61f57b3d9dc7dd6b457	fix/dotted-camel-identity	deleted
fa539c2257f6538e96c2f042b074aa4e873665bc	fix/drift-sweep-vocabulary	deleted
b32f7f3aeb60245f0455b313028d7641fb473a63	fix/drop-hostname-name-rule	deleted
2c6d4430bf9b31af44b47a1132cca11b6a610756	fix/engine-b-names-and-stable-total	deleted
8e8e351634bc0e9559f4b7fb8628234446f0e4b3	fix/engine-e-breach	deleted
5266a0f2b98af4a9f036b9066f56c42136f3336d	fix/enrich-concurrency	deleted
1820ae0ce2541c3b4b06759a982168e8f0592ca7	fix/enrich-missing-triage-import	deleted
9415569ed0f626e324cce474eabac5fdda670919	fix/enrich-readback	deleted
726fb702de66266b6bac1136240cf095d94562e3	fix/eval-expectation-honesty	deleted
f58b9fafa6931b9f9fc88dd6117f3aac22650814	fix/evidence-c-horizon-pair	deleted
aae113e410e9442a40fb399c30180da7c366547e	fix/explain-explicit-repo-in-q	deleted
bb67b6f5f4cbd3834c2efeb5af6d073c3d496152	fix/explain-lookup-select-fullname	deleted
ce0b209d5649749448ea3271ed75ad1b535dc00d	fix/fold-hermes-into-zenex	deleted
7d330bbe84bf9d97faadf16aead480a4e38bad8d	fix/fragment-host-type-preference	deleted
a82d3f1a9b1fdedd6ba4fb594a386f9b7dfbfd5f	fix/fuzzy-name-recovery	deleted
44144d537da0bca1f50d645d605c0fbe6e409b13	fix/github-org-normalization	deleted
1790794234bfd33c0c2ce5478bb067ed99b6cea9	fix/guard-a-catalog-lag	deleted
56fff3dc2f0ac1e451a25f5830d4046c44dc0929	fix/guard-evidence-refresh	deleted
dafd34c6cdf070247cb1c2d8141f35ec9c1af6b2	fix/guards-credential-honesty	deleted
3b061a241b1eebc737bd2170b28c53c1139e9b7d	fix/hackathon-award-vs-prize	deleted
953c52812db04442ac2b1e328b3ecf83fdf0ec22	fix/hackathon-null-dora	deleted
c17d183bcd039f1a5ce581afe5e74fcf22ad8e0b	fix/hackathon-null-submissions	deleted
2b7b13b6da3d7f1d10a9a1b7546ec9b0ee6cf268	fix/hackathon-outcomes-honesty	deleted
d635ae9634e09adbd760f5d407610675a92fde64	fix/hackathon-source-filter	deleted
6e3739a5dec753d789eb329481b45479e6c9d004	fix/hackathon-zero-vs-unknown	deleted
90b9ef060a6245b71ab9f47b756abc672b6489c7	fix/health-commit-race	deleted
d4a9c977000f47b4a50402d971e5eb2d0d9facad	fix/health-paginate	deleted
5824dc934eab89ccc87764e65133c03aefb0eff0	fix/health-paginate-workflows	deleted
cbdb515e866f64e747c242444032ec3ab35fd54e	fix/health-report-signal	deleted
6b4598f9b6f5a562cf1452260a4347f53c3c5074	fix/health-standing-signal	deleted
88629a74c3f02d4b67964ee79469a76656385e40	fix/holders-log-scale-and-thin-windows	deleted
49410d2e81c093f49304155138cf05f2985a7c4e	fix/hybrid-lang-depth	deleted
9570ca20205528fe7ee43261e86f9f98c7920a4a	fix/identity-underfill-admission	deleted
08de6dd10f2961c993069c494d362be1439cc569	fix/indexer-battery-ranking	deleted
11bda1bdea520b4183c7e372e63696548d606f41	fix/indexer-canonical-entry	deleted
dc698a08b8162e30dd662c258004f45a07e26966	fix/ingest-canonical-url	deleted
e066eefa07cd41b67457233da386d60a427ebcfb	fix/issuer-logo-domain	deleted
8ea8678f1d3b933b22da53d255a6d0d7a1c5b446	fix/js-strong-agent-paths	deleted
04f9c330f93a57f6880727025ab4697795e9c9bd	fix/lane-reverse-chain	deleted
3f8cc9ed52413f0a9d2da95d138fb4933dc7c921	fix/leaderboard-exclusions	deleted
72e5f8a34fd6373d54287e708b6b9ab681236818	fix/ledger-evidence-freshness	deleted
b3a6fb49ba35163be0ae85dd4db061f6c7cd9d47	fix/link-health-stamp	deleted
4d0ff93910baebdca1adfca95e9ab9ad21f15447	fix/liveness-5xx-and-weak-basis-lane	deleted
5dad2c05096cb4418a4f38cf3d7d75df71a30245	fix/lookup-candidate-limit	deleted
e697593c2c6c840e549a567b2efdeb3d7be72a4f	fix/mcp-tool-claim-guard	deleted
e8a32803950011365580a57efc7990692dd95ec0	fix/mention-vs-identity-ranking	deleted
33525c08d7502fd00a5ea657016c86833aa092ad	fix/news-dedupe	deleted
4388390108ee68c776f4d79c00c146def8f4f22d	fix/north-star-tracks-engine	deleted
94ffcc5fa3e497e885f9944f7890779a0ad1073f	fix/notes-backfill-case-insensitive-lookup	deleted
26d289df12bbcb9cb527b5058ba5107dbcc331ae	fix/notes-key-casing	deleted
bcf54189480cbeda7abfa0a8791d07bd23759e3d	fix/notes-refresh-2026-09-02	deleted
afd3f592b9cb0ba6bc2bc094f0d8673173df716c	fix/notes-registry-casing	deleted
dc94fcd542dcb4e103f71da4a3b084a6adb2d8b9	fix/onchain-holders-parse	deleted
cae4d160e7f7cdd5321ed60a5c9ea9cd62ecacee	fix/opacity-ratchet-down	deleted
e3c0c65c50485bfd1d569db175ffca0b0dc90321	fix/openapi-lint-minified-snapshot	deleted
14cdc3144625667971a08615bc9a3095fcb93bde	fix/packet-rule-and-state-2026-09-05	deleted
f1bfee1d667b519ab931409f8f0a77f43a468f88	fix/packet-stamps-rpc-rule	deleted
409a60f67735370a1f47c16c496a73c15da9faa2	fix/packet-stamps-store-lookup	deleted
e7fdea2ce225c134ba63b3858fc4b44ecf7e9067	fix/partner-anchor-vs-issuer-type	deleted
ca87323a70926fbf98f34afbc9b30b4375b79eab	fix/partner-join-access	deleted
bc6f2b45b0e52bdeeca5f17434668482bb677efa	fix/partner-ramps-null-consistency	deleted
b1f812d136f2852d0542c2fbfa7ca0c74ce14abc	fix/partners-accepting-decidable	deleted
40bac7bbefbc52c877cd408994f0930b0308a37f	fix/partners-advisory-false-all1-claim	deleted
93edd3fa283d1bf87236aa9fd3db2b3c0e1786db	fix/partners-empty-state	deleted
dcf94b1947c805ab885cd8b65b232a01f1ee8030	fix/pattr-stellar-case	deleted
7a9c8039f3f71d8470be92caac9ee0303701e9e1	fix/pg-candidate-inclusion	deleted
b9f84d12967690ff929d0f66dd498e4c2e9da74d	fix/pg-golden-window	deleted
7958c04c6043db6daa05ce2c785ee872d4e7eb7b	fix/pg-recall-polish	deleted
ea9de56335c79b137c843085c5ef6b3dfdbba5cd	fix/pg-window-12	deleted
33039d9b909a73e2626a72d6a6e12b6439758188	fix/placeholder-precision	deleted
4d39f8788d37508f614dac4f11956113546116a9	fix/polaris-lend-receipt	deleted
033d7e12d4c2f95a471eb571db48061c9d8dc09e	fix/pool-rows-mobile-2	deleted
580219dda8ed9071dbf537721fa901dc5cf14bc8	fix/pool-stats-mobile	deleted
3bf831bcd35d6a5f8754a314a5fc8fbc0453f7b9	fix/pr-gate-vs-production-monitor	deleted
1bc06e56aa0e0c9ed345e4e1bc4e258851b67c18	fix/protocol-release-visibility	deleted
c0628e0e868a970a10318f2a04d91f7e75312ec3	fix/quality-api-partition	deleted
7da1387af95f2848566244b875e4924f452826ba	fix/quality-artifact-race	deleted
da91d81ae6f374d8de1763cba2af1f39fdebf651	fix/ramm-out-of-scope	deleted
e2f78904852849b3e2070a844f75924a2797e69e	fix/rate-limit-is-not-absence	deleted
aac05cef9bb05da5a72d41f458e42c78ad3698ca	fix/raven-battery-opaque-errors	deleted
92a7f49d260499f4824c9d046b35bba4892059c9	fix/raven-routing-vocab	deleted
12f3da50ef5e197fb263491801350de82894b0e8	fix/receipt-comment-date	deleted
fb1be5442a2d6e379deca4cdd87abc0b7d680159	fix/receipt-markup-markers	deleted
33e34c26854f1a178eac5edf062f6672ed145857	fix/refresh-logo-summary	deleted
8a3e123f99f6a9b794f41b16277bae0d308f745b	fix/registry-join-code-match	deleted
2616c158e172e4f2e97f08baad36e531fae61c16	fix/remove-agentic-post	deleted
2426c36ec138b95a889bebc074e31ef8dab4b64f	fix/remove-free-voting	deleted
af0670ca938f2da20a29b48c0b4a9b7eba387bd9	fix/repo-dupe-rename-loop	deleted
191cda7d5ffed4dab3fcc3bb258e49652672835c	fix/repo-metric-denominators	deleted
73a5e40729cb105360170108a102478c280013e0	fix/repo-ref-normalization	deleted
29d5794c3e56318391ec64e495429c81bf87302f	fix/repo-ref-owner-guess	deleted
b5af80a9cb94c935806b1da2cdf0b8eda3e5bd49	fix/repo-search-identity-tiers	deleted
366b10e6aa22956503da94ba8fba99748b515be4	fix/repo-search-language-post-filter	deleted
c381a0016511ecc001cab6efa717ad4c27750fe2	fix/repo-search-org-name-identity	deleted
29d7a50b641c867f4e1a1afbcc0aebbdc1150727	fix/repo-search-verticals	deleted
9df4c2234cd138f781da32771f79a67c688b690e	fix/research-title-hygiene	deleted
dad298374352ab51df09266a788c24c25d19bac3	fix/retire-uah	deleted
0dccb04de438334979be1819a8d66811a9060b89	fix/retracted-receipts-retriage	deleted
8273cb14852f6ea9c67e44b8804590602be899ec	fix/roundawards-multi-submission	deleted
934c8a0a9c73608fe54dbe66a0bf7ab05043e55b	fix/routing-builder-vocabulary	deleted
bf1c914116a63731668b13c6d65788c18ecf6723	fix/rwa-counts	deleted
567914b57b560d9a6d8e212974782aa3d697c1d6	fix/rwa-registry-audit	deleted
2871f931db96acd7450b69d983a04ede68d870a0	fix/s0-entity-namespace	deleted
74b5077081509d74239109d2d53d6bbc5f4ffaca	fix/s7-dating	deleted
6e7178c1220193e76b9e197c9aa2547e266861ce	fix/s8-classification	deleted
20280c5af1694b35590d233564d1c882ac7e8fc3	fix/scatter-quadrant	deleted
2599b315c5661d6a9176de79f93bd51d3310845a	fix/scf-award-dedupe	deleted
95be31e765dc7b5564b8e10071b18568efc3560b	fix/scf-badge-conflated-rounds	deleted
bfbb21c9ba0f4f195c63a5eaaff7d413686989a4	fix/scf-hermes-and-sentinel	deleted
7e6512018d4a8d86b3fddf605a6455302ec92170	fix/scf-idempotence-step	deleted
d665c5b0cdf44845a1402d4f900c046888095b3c	fix/scf-legacy-award-linkage	deleted
bdf658c6070f4b5661553e47c8dbc0eed00ac251	fix/scf-non-round-awards	deleted
1088351150365e1ed254320a4110c0de9e7bd68e	fix/scf-one-writer	deleted
0e961ad51a92403278585e1c23b4f80cc8618777	fix/scf-opengrants-pen	deleted
9727c4ca6cb0f900cbe9a40300066dd583c3a350	fix/scf-partial-award-status	deleted
12d902ed13a48576ca5c77f7c41b874e34890867	fix/scf-round-compare-like-for-like	deleted
c7cdcd95da0c5cb4617d86dbd01a7ad273ae24b9	fix/scf-sentinel-signal-path	deleted
5eb00c12b4b9cc539b9c4f7161443c32702b2f2b	fix/scf-soropg-beyond-cap	deleted
0ffbfaa680ce68ac09321765bd7a187a47629174	fix/scf-wave2	deleted
9fedea4d8e9054448dd967099df66961beb9fe2f	fix/scripts-global-scope-collisions	deleted
4a790f4da7332d97b0770f86d77f35838ce749db	fix/scripts-load-env	deleted
0af4b8ef7f9317c273fe19dc4b4be55462be0311	fix/search-slug-candidates	deleted
de8ea9611f534dba38444e21812df07ab6c169c1	fix/seedreview-rounds-sorted-crebit	deleted
172fe4f79d3393ca00beb0424d62b665eb40533e	fix/seedreview-rounds-upesa-verseprop	deleted
ab5bdcd7aab62e8e03c3e86793812b9ec7935a61	fix/self-audit-counts-contract	deleted
41793a3f3cef4e5c3f53dd2c9ca97dfa37b04b97	fix/self-audit-registry-unverifiable	deleted
33f51c74f5c9c35430f9f95f307ee8c314535077	fix/self-audit-two-regressions	deleted
141764df7d0ef61eba00b60ac7ec9cb0339e1808	fix/self-audit-windowed-sweep	deleted
80c829b87383cee8ce7017d3ca89441291da88ac	fix/semantic-neighbours-are-not-matches	deleted
8e458ffefe4c8db4d5ed2a24da3bbc4afb02f385	fix/serve-the-real-one	kept
9f2cf945b62d0968c4134305fbca513a99aa03d0	fix/single-token-name-anchor	deleted
5a233c8febecf0b2f24eee71bb7431feb7d4030a	fix/sk009-api-reference	deleted
fcd0d6de78793e76d0e7b08e1e876156f63a913d	fix/skill-ref-rwa	deleted
932288333bcc417c399e6ce48a424c854bbfd781	fix/sls-059-retired-soroban-slug	deleted
bfc0fcf462af0b00cb266bf1c3b6b2ba647cf650	fix/sls-060-062	deleted
23b337bfd999d7150c8449cce3382ddce16191ad	fix/sls-061-roundawards-population	deleted
b3d3254e9f4dda173ce55791bc1a3a7c23c20a1b	fix/sls-079-all-builders	deleted
3e2be19787962e6378dbce48e31db1022531bdf7	fix/sls-080-horizon-truth	deleted
367bf99ba2ea0071ab5b9aaa486685bc0c0f9b06	fix/sls-080-note-triggers	deleted
bde888391a2d48e11166782d5910ec8ea6920233	fix/sls024-provenance	deleted
d1cc14d01279def2936a20affcade84f79faa00d	fix/sls063-round-awards	deleted
975ad4e26b305f1ba4f45c9f96da0f00ab8fceb8	fix/sls080-note-phrasing	deleted
e1a336982bf54950bccc4b35cfed15d824199d27	fix/smoke-tool-count	deleted
4a1d5c8068ba6c25d6bb531c6df029c2717ea3a9	fix/spec-ramps-award-volume	deleted
6cd038b28d769f1590442ae946b377131e3f3cba	fix/spotlight-plain	deleted
4ffb576c4c486415fa09c428d52af84eac6bd36d	fix/stablecoin-charts-readability	deleted
2636266f271828264d0340b37750fbff0c37bfb8	fix/stablecoin-logo-refresh-bug	deleted
b3762e057f4d6b74e5d46a95e729fbfe3f51930c	fix/stablecoin-refresh-rate-limit-pacing	deleted
49e7afecad613206d94ca279c0a763751c50c717	fix/status-source-flipflop	deleted
ea19f196ad12b6c233d348c9c0588e8279f27f1e	fix/status-writers-skip-shadows	deleted
d7e714d6ae58fe5c6736f74f22987b26efadaa74	fix/stellarx-tokenization-builders-scope	deleted
7ea0d1a1adf0d15b2829648442837db751b1573d	fix/strict-params-projects-search	deleted
8b09e746ae61e874a90ed122f3fa02a10cd66711	fix/summit-event-row	deleted
0d8b49fb6c704e29117017ef39d684c1f6bfd6ef	fix/summit-status-basis	deleted
004d8917bf8da240c67109c5350f1e04708be7b6	fix/summit-unwind	deleted
9442f20b5dc065c79f5c4d4ac4e07bb209e8036e	fix/supersession-entries	deleted
6bffe45b40593e63fd68afc3c686e4956c70cbb1	fix/sweep-routes-query	deleted
0416c4addc46d14917694319ccaf727fdf278ee5	fix/tier-write-path	deleted
cae3054130f3c8858e6a4111ab4fa92b36467f5d	fix/toml-fetch-retry	deleted
b3a91cc6d828ee8553a76af75084b0c6556d0c8e	fix/toml-lib-extract	deleted
81bc7414e099b615e780176ce138f121de34d4ff	fix/toolchain-truncated-denominator	deleted
7872b2cf6af97633c307a62924027625e8c38117	fix/touch-scrub-release	deleted
27bce0d1e6a007c340e4c8db295341dc14fe6018	fix/trait-impl-interfaces	deleted
dbfe2276c41a9ddcdecde93d8e1eb58c42ce5ca9	fix/triage-hook-context	deleted
ba6dcf24545604bb1919bb8d1e6122944c4b5f59	fix/triage-readback-context	deleted
8200a6f9883f7b8fffa1772fa76381fc94f90339	fix/type-enum-values	deleted
bf3c647efa96898a3b9fc53c7be93308b409d39a	fix/usdm1-domain	deleted
bb4b908db2e9c7cb8ef7d81bf2806d3314425efe	fix/verdict-caveat	deleted
b32bff9620ab81783cded2898be14144f09b2a90	fix/vet-idea-v11	deleted
86570eaaf108930be00890734d407143a1b47298	fix/vetidea-matching	deleted
24a6c7b31a563b63868f3f192a02ca1463f127e9	fix/wallets-kit-identity	deleted
c112c9dbca5117ef5e87eab227c7ef91261577ff	fix/weak-basis-lane-permissions	deleted
d4cc8bc1c6d373394118f3f3bb9d1c6de01c0271	fix/weak-basis-lane-pnpm	deleted
9c30110e47a137af352a35197fb2874280eebade	fix/winners-newest-wins	deleted
11bccf1bf24e7237ad6960b24865f93c97c073c1	fix/workspace-iface	deleted
5e535bb4915a8b93b11279d3caeef408bbcaac99	fix/xbull-strongbasis	deleted
24d3ab9a5f3128cfbb5b4a5ab03caadf40a7d98d	fix/zero-work-red-sweep	deleted
3488b1a3ae69fa9b017fc65485ddb77b844fa620	fix/zero-work-wave-red	deleted
d8a4673b6e36b02532ffebb91e362d10f4371b70	guard/packet-stamps	deleted
1a1e9097373f351f38c8cd33abe861fe1711f0aa	guard/subset-exceeds-total	deleted
8c87ad34d8a49f37a2250ca4a6f7b3c628ffb160	main	kept
3e637873bb2874685ffbcda5e3d51b6599f56c6b	mcp/kind-in-descriptions	deleted
42a1dbb324a79143f6d3119d47f409ca009a2fec	night/audit-aliases	deleted
d6fb9aa4991f0e23de5270854573aec85e47c68e	night/basis	deleted
95cff111e04db6b28099aa2a5197a69e9c404e4e	night/builders	deleted
252f24b9f82c1b36d187f106882c54a8987b3a96	night/changes-byfacet	deleted
24c3b8007414917746e436745769b29e43cffc03	night/correct-18	deleted
3aebd100d77e3ba7423a8e4d832d4a229979ad1c	night/dedup	deleted
e2a3350aad03d0a4f60aa4226c687f0c99c3216c	night/deep-verify-a	deleted
d6b4bafec7cd07ac94d3ede71895f202853a1ad7	night/deep-verify-b	deleted
7fb6c89a667ed6260cf77f2a9b1f84b7d5b768ea	night/dupe-owner	deleted
957651fe956235342a20ab818276cfca2892f5e5	night/dupe-owner-log	deleted
cf7a4e889cdd55474d43fdf7523f094877dfda68	night/eval-harden	deleted
f64329337c77a5b0b4c906fdf2b7ef89484cd424	night/harden	deleted
eeadccd2e08b052d78b26aa1b4e7ba4f45124e6c	night/inactive-triage	deleted
6331014cb6e8787718e35d09aefb292298df8a64	night/lanes	deleted
83152d18a0c3352fd163722d892a5b22d248f993	night/lanes-harden	deleted
d25c6418f8d7a9902dd5155b6dc8320a852db7bd	night/ledger	deleted
8c4d4ac7758083ff550e855ad11938cae9ee29dd	night/next1-done	deleted
9a278e59cc8f06fef5bb59fe61f844a8569afd16	night/notes-62	deleted
37d72c5af2b7aac7e292f8876dff4a4a16b582fc	night/notes-nightly	deleted
3e821dd19b608c16f8619d164c41054374083cd3	night/open-findings	deleted
ffc0597c12c0fced37123a88ca0bf7fa0c874c8b	night/packets-low-regrade	deleted
d37e8b21375754f01111dc65390b61a63dda55a6	night/packets-medium-regrade	deleted
9dae2ce4567fff99f65adef01853a2af61b6f2dd	night/packets-next100-a	deleted
6e286b1fc06530f570e4b8fb49ea78ae2024f789	night/packets-next100-b	deleted
25e1ab733cc2b08a808143fa68926732870238e6	night/packets-next100-c	deleted
a125d4c6f4aaed35232cd9dcbaada8626b1d3ca7	night/partners-region	deleted
f69223a1fe43c9315b4c601c8dd7370223b61c34	night/raven-issue-draft	kept
6554958cec280d77680244d6e357e88dff84836e	night/region-normalize	deleted
e44ebdc9e375d1a14505c35b79a8290b747f9428	night/routing	deleted
39ab90231fa2f5685bda17537319ac9e02987a12	night/rowfacts	deleted
15050c8ddc0f9a08ef4fcaa195a1bbcbceee30ab	night/scf-beyond-cap	deleted
1be83e7bba02800fffe7116a00026f634d5786ca	night/scorer-tiers	deleted
c1e8dd0d0b70eed3bdf11676b2dcdd53707e463f	night/sync-skips-shadows	deleted
424373ad02e39662467f2900d4537aaf72b3592b	night/typed-q-ranks	deleted
b7a5572e2c5f80da652be1afbad5abe074aabb02	night/verification-packets	deleted
ff21c32fa0662084d3de7e3d213d1d725f4bd287	night/website-remove-ownership	deleted
a818b995436c7ad3869965b39ac14286188ac31d	night/wrap	deleted
6da1f135eb9b8b615f90e898b61f9c0e90058b4b	p3/prove-writes-at-run-sha	deleted
fe402b4afba89bfc29545768411c7c9fe328cda8	p4/operator-toml-propagation	deleted
e036e2b1b6a03c2c9478f61c83a2d0878dc3fb8f	p4/operator-toml-strong	deleted
f8f9426b5ca55b69a8c7c2735b1fd32a46f2bd3f	p5/accelar-siblings	deleted
8b84615d35b97c93c6b60b2aaaae3d3e25eb56c3	p5/knowledge-notes-batch	deleted
a4d1523cb6cb75b97edb9dd8d92c87d1e738ce93	p5/notes-wave3	deleted
9fadbf5066dc81eb1a7953f68051f2fde5e52b81	p5/notes-wave9	deleted
2e7f4e242c7815359b60cc7f3836f7c126bde5d3	packet/triiyo-retired	deleted
45e0376f66a61603c5bc004045310173ba685b97	packet/weak-basis-2026-09-06	deleted
0f6acd7ee9aa43100711e1dcfb4bc2f5a2b48147	packet/weak-basis-tranche2	deleted
8375362198b5f4ae2eecb714881d32b06b61da2a	perf/dotcut-cell-size-and-visual-pass	deleted
6856afde4149037a383f108c9e6b3f8a7594cbac	perf/dotcut-density-pass	deleted
6c7f01761c2b8be0f9716035c512bdd13f7b244e	plan/reprobe-backlog	deleted
d941a0966d80af0cd124c545ef832ed1aad0869d	progression-2026-09-05-evening	deleted
ae814507a8daf55be1e659ba0d4bbcafa955feb1	quality-doc/p4-pointer	deleted
e702429d46b1dc44ce8c7ac2551a1f5256475d02	quality-state-evening-2026-09-05	deleted
a0dbd526cf884891d89a4399aaba47758cf81e74	refresh/quality-artifact	deleted
7a92ce385cb7b120c8b88b5c37c4bdf06f5f8b4b	regen/after-packets-2026-09-05	deleted
d2f3274f658f7ae97a79bdc898f8303f2a2263c8	regen/after-withdrawals	deleted
7a4e3ae2a896522fac501f14531e267bd7a8ea41	regen/deep-verify-2026-09-06	deleted
13368ee12296e6363002f9f6a58baa7c48331fc6	regen/downgrades-2026-09-06	deleted
73a25c3d05329ee97367b7e8f602aade9003b0ec	regen/evening-final-2026-09-05	deleted
7c4ea1b5a12ec79b5887a3bfc8d0a624821ea40a	regen/low-applied-2026-09-05	deleted
30285ed9bcdac56721a138cf24f0cd5b2b63ac3c	regen/medium-applied-2026-09-05	deleted
e3fbc79356847d78741cf341640f9c0754aff29d	regen/medium-dev-2026-09-06	deleted
3044ad012fb0e21c7c0cd6e451f90e06b5683767	regen/medium-inactive-2026-09-06	deleted
fbd4e6a4d77f56bbabd1a29a2ef53fd5884ce2f9	regen/next100-2026-09-06	deleted
5c7be05368602057c7cf84dac4578a13c7c07d83	regen/owner-live-2026-09-06	deleted
49efeefec970804a3cd30dbe908632428c45d050	regen/scf-2026-09-06	deleted
d68fe7b43b04036e95d6a3253dd52ccd166c2816	routing/raven-four-misroutes	deleted
64608f6eef03ec794f2d306ffb82ec7392b7b573	staging	deleted
2a3c7a5cd682a3b4ba9a46bb3fc021213f08c526	ui/quality-notes-judged	deleted
646552c6523221a33780d34a2c9db78652ff96ee	vercel/react-server-components-cve-vu-cn0rp0	deleted
5516102bd57242aeea0b2d392bec112445e7ca97	wave2/dead-github-links	deleted
6a41ef4e9fc7808b1fe88ff005788051ad905e21	wave5/dead-websites	deleted
865f258b110b053ff2caff06049d78a970281527	wave7/last-project-links	deleted
879e1dada2c112437f39b01401f1adc12729d941	work	deleted
5e74b0c761a38d3e2f9bf5773e5809e78008ba84	wrap/lessons-and-drift	deleted
